{
  "n": 111,
  "iou_mean": 0.10641279115696153,
  "iou_std": 0.05440705793338809,
  "dice_mean": 0.18808984439543944,
  "dice_std": 0.08777524718742101,
  "per_lesion": {
    "optic_disc": 0.10291487404313998,
    "vessels": 0.10452563867614902,
    "ridge": 0.1236581263855695
  }
}